{"cameraMode":{"drawMode":0,"name":"Shaded","section":"Shading Mode"},"sceneLighting":true,"audioPlay":false,"sceneViewState":{"m_AlwaysRefresh":false,"showFog":true,"showSkybox":true,"showFlares":true,"showImageEffects":true,"showParticleSystems":true,"showVisualEffectGraphs":true,"m_FxEnabled":true},"in2DMode":false,"pivot":{"x":366.00396728515627,"y":254.90415954589845,"z":201.1955108642578},"rotation":{"x":0.01199947576969862,"y":-0.00660127867013216,"z":0.00007921562064439058,"w":0.9999071955680847},"size":306.953369140625,"orthographic":false}