{"cameraMode":{"drawMode":0,"name":"Shaded","section":"Shading Mode"},"sceneLighting":true,"audioPlay":false,"sceneViewState":{"m_AlwaysRefresh":false,"showFog":true,"showSkybox":true,"showFlares":true,"showImageEffects":true,"showParticleSystems":true,"showVisualEffectGraphs":true,"m_FxEnabled":true},"in2DMode":false,"pivot":{"x":0.7226196527481079,"y":-1.149552345275879,"z":2.4850499629974367},"rotation":{"x":0.3961668312549591,"y":0.09148629754781723,"z":-0.03970898687839508,"w":0.9127489328384399},"size":3.6988577842712404,"orthographic":false}